5220.5,-3944.5,548.008
5220.5,-3943.5,548.029
5220.5,-3942.5,548.039
5221.5,-3944.5,548.064
5222.5,-3944.5,548.051
5236.5,-3939.5,548.179
5237.5,-3939.5,548.195
5237.5,-3942.5,548.271
5237.5,-3941.5,548.269
5237.5,-3940.5,548.268
5238.5,-3942.5,548.275
5238.5,-3941.5,548.286
5238.5,-3940.5,548.297
5238.5,-3939.5,548.308
5239.5,-3942.5,548.335
5239.5,-3941.5,548.347
5239.5,-3940.5,548.357
5239.5,-3939.5,548.362
5240.5,-3941.5,548.364
5240.5,-3940.5,548.349
5240.5,-3939.5,548.334
5241.5,-3941.5,548.283
5241.5,-3940.5,548.268
5241.5,-3939.5,548.252
5241.5,-3938.5,548.237
5241.5,-3937.5,548.222
5242.5,-3941.5,548.201
5242.5,-3940.5,548.186
5242.5,-3939.5,548.171
5242.5,-3938.5,548.155
5242.5,-3937.5,548.14
5242.5,-3936.5,548.125
5242.5,-3935.5,548.11
5243.5,-3941.5,548.119
5243.5,-3940.5,548.104
5243.5,-3939.5,548.089
5243.5,-3938.5,548.074
5243.5,-3937.5,548.058
5243.5,-3936.5,548.043
5243.5,-3935.5,548.028
5243.5,-3934.5,548.013
5244.5,-3941.5,548.037
5244.5,-3940.5,548.022
5236.5,-3942.5,548.272
5236.5,-3941.5,548.258
5236.5,-3940.5,548.249
5234.5,-3943.5,548.403
5234.5,-3942.5,548.349
5234.5,-3941.5,548.296
5234.5,-3940.5,548.243
5235.5,-3942.5,548.349
5235.5,-3941.5,548.294
5235.5,-3940.5,548.249
5226.5,-3944.5,547.928
5226.5,-3943.5,547.884
5226.5,-3942.5,547.84
5227.5,-3944.5,547.901
5227.5,-3943.5,547.866
5227.5,-3942.5,547.833
5228.5,-3943.5,547.863
5228.5,-3942.5,547.84
5228.5,-3941.5,547.818
5229.5,-3943.5,547.882
5229.5,-3942.5,547.87
5229.5,-3941.5,547.858
5230.5,-3943.5,547.928
5230.5,-3942.5,547.939
5230.5,-3941.5,547.949
5231.5,-3943.5,548.121
5231.5,-3942.5,548.083
5231.5,-3941.5,548.044
5232.5,-3943.5,548.211
5232.5,-3942.5,548.169
5232.5,-3941.5,548.132
5233.5,-3943.5,548.319
5233.5,-3942.5,548.277
5233.5,-3941.5,548.23
5233.5,-3940.5,548.182
5223.5,-3938.5,547.803
5223.5,-3944.5,548.019
5224.5,-3938.5,547.732
5224.5,-3944.5,547.948
5224.5,-3943.5,547.939
5225.5,-3944.5,547.915
5225.5,-3943.5,547.883
5223.5,-3943.5,548.063
5222.5,-3943.5,548.069
5221.5,-3943.5,548.069
5221.5,-3942.5,548.066
5222.5,-3938.5,547.863
5225.5,-3942.5,547.939
5230.5,-3940.5,548.116
5230.5,-3939.5,548.06
5229.5,-3940.5,548.009
5229.5,-3939.5,547.979
5229.5,-3938.5,547.915
5228.5,-3940.5,547.922
5227.5,-3941.5,547.913
5244.5,-3931.5,548.147
5245.5,-3935.5,548.323
5245.5,-3934.5,548.264
5245.5,-3933.5,548.204
5245.5,-3937.5,548.309
5244.5,-3937.5,548.365
5244.5,-3936.5,548.335
5244.5,-3935.5,548.305
5244.5,-3934.5,548.274
5244.5,-3933.5,548.244
5244.5,-3932.5,548.214
5243.5,-3933.5,548.3
5243.5,-3932.5,548.27
5242.5,-3934.5,548.386
5242.5,-3933.5,548.356
5242.5,-3932.5,548.326
5231.5,-3939.5,547.843
5231.5,-3938.5,547.878
5231.5,-3937.5,547.897
5233.5,-3939.5,548.101
5233.5,-3938.5,548.113
5233.5,-3937.5,548.124
5233.5,-3936.5,548.128
5233.5,-3935.5,548.118
5232.5,-3940.5,547.974
5232.5,-3939.5,547.992
5232.5,-3938.5,547.998
5232.5,-3937.5,548.004
5232.5,-3936.5,548.012
5232.5,-3935.5,548.018
5235.5,-3939.5,548.392
5235.5,-3938.5,548.373
5235.5,-3937.5,548.34
5235.5,-3936.5,548.294
5235.5,-3935.5,548.24
5234.5,-3939.5,548.254
5234.5,-3938.5,548.256
5234.5,-3937.5,548.232
5234.5,-3936.5,548.207
5234.5,-3935.5,548.18
5236.5,-3938.5,548.462
5236.5,-3937.5,548.401
5236.5,-3936.5,548.345
5236.5,-3935.5,548.296
5241.5,-3936.5,548.503
5241.5,-3935.5,548.473
5241.5,-3934.5,548.442
5241.5,-3933.5,548.412
5240.5,-3938.5,548.495
5240.5,-3937.5,548.491
5240.5,-3936.5,548.487
5240.5,-3935.5,548.486
5240.5,-3934.5,548.485
5240.5,-3933.5,548.468
5239.5,-3938.5,548.456
5239.5,-3937.5,548.436
5239.5,-3936.5,548.417
5239.5,-3935.5,548.409
5239.5,-3934.5,548.405
5238.5,-3938.5,548.502
5238.5,-3937.5,548.439
5238.5,-3936.5,548.388
5238.5,-3935.5,548.363
5238.5,-3934.5,548.344
5237.5,-3938.5,548.494
5237.5,-3937.5,548.445
5237.5,-3936.5,548.397
5237.5,-3935.5,548.349
5231.5,-3940.5,547.809
5230.5,-3938.5,547.766
5227.5,-3940.5,547.598
5226.5,-3941.5,547.597
5228.5,-3939.5,547.625
5225.5,-3941.5,547.72
5224.5,-3942.5,547.867
5223.5,-3942.5,547.951
5222.5,-3942.5,548.158
5222.5,-3941.5,548.139
5221.5,-3941.5,548.152
5221.5,-3940.5,547.945
5237.5,-3934.5,548.182
5239.5,-3933.5,548.367
5241.5,-3932.5,548.469
5243.5,-3931.5,548.383
5229.5,-3934.5,547.743
5226.5,-3940.5,547.588
5226.5,-3939.5,547.608
5227.5,-3939.5,547.542
5223.5,-3941.5,547.815
5223.5,-3939.5,547.875
5224.5,-3941.5,547.775
5224.5,-3940.5,547.789
5224.5,-3939.5,547.801
5225.5,-3940.5,547.695
5225.5,-3939.5,547.693
5223.5,-3940.5,547.851
5222.5,-3940.5,547.892
5222.5,-3939.5,547.944
5221.5,-3939.5,548.007
5241.5,-3931.5,548.47
5241.5,-3930.5,548.523
5240.5,-3932.5,548.377
5240.5,-3931.5,548.448
5240.5,-3930.5,548.535
5239.5,-3932.5,548.384
5239.5,-3931.5,548.444
5239.5,-3930.5,548.505
5237.5,-3933.5,548.224
5237.5,-3932.5,548.321
5237.5,-3931.5,548.376
5237.5,-3930.5,548.413
5238.5,-3933.5,548.342
5238.5,-3932.5,548.38
5238.5,-3931.5,548.421
5238.5,-3930.5,548.466
5236.5,-3934.5,547.994
5236.5,-3933.5,548.099
5236.5,-3932.5,548.217
5236.5,-3931.5,548.298
5234.5,-3932.5,548.046
5235.5,-3933.5,548.018
5235.5,-3932.5,548.126
5235.5,-3931.5,548.218
5243.5,-3930.5,548.394
5242.5,-3931.5,548.412
5242.5,-3930.5,548.459
5244.5,-3930.5,548.329
5235.5,-3934.5,547.912
5234.5,-3934.5,547.858
5234.5,-3933.5,547.954
5227.5,-3938.5,547.856
5227.5,-3937.5,547.822
5227.5,-3936.5,547.815
5226.5,-3938.5,547.933
5226.5,-3937.5,547.901
5226.5,-3936.5,547.87
5229.5,-3937.5,547.71
5229.5,-3936.5,547.727
5229.5,-3935.5,547.757
5228.5,-3938.5,547.78
5228.5,-3937.5,547.769
5228.5,-3936.5,547.777
5228.5,-3935.5,547.789
5230.5,-3937.5,547.666
5230.5,-3936.5,547.696
5230.5,-3935.5,547.732
5230.5,-3934.5,547.77
5231.5,-3936.5,547.64
5231.5,-3935.5,547.698
5231.5,-3934.5,547.777
5231.5,-3933.5,547.86
5232.5,-3934.5,547.792
5232.5,-3933.5,547.883
5233.5,-3934.5,547.822
5233.5,-3933.5,547.914
5233.5,-3932.5,548.003
5225.5,-3937.5,547.942
5225.5,-3936.5,547.899
5225.5,-3938.5,547.992
5224.5,-3937.5,547.977
5221.5,-3938.5,548.191
5220.5,-3941.5,548.265
5220.5,-3940.5,548.235
5220.5,-3939.5,548.206
5218.5,-3942.5,548.348
5218.5,-3941.5,548.306
5218.5,-3940.5,548.266
5218.5,-3939.5,548.228
5219.5,-3941.5,548.274
5219.5,-3940.5,548.245
5219.5,-3939.5,548.215
5213.5,-3943.5,548.421
5213.5,-3942.5,548.374
5214.5,-3943.5,548.442
5214.5,-3942.5,548.368
5215.5,-3943.5,548.402
5215.5,-3942.5,548.324
5215.5,-3941.5,548.283
5216.5,-3942.5,548.351
5216.5,-3941.5,548.312
5216.5,-3940.5,548.273
5217.5,-3942.5,548.376
5217.5,-3941.5,548.336
5217.5,-3940.5,548.283
5209.5,-3938.5,548.105
5209.5,-3937.5,548.041
5210.5,-3937.5,548.039
5210.5,-3940.5,548.186
5210.5,-3939.5,548.144
5210.5,-3938.5,548.108
5209.5,-3939.5,548.126
5214.5,-3941.5,548.261
5213.5,-3941.5,548.271
5213.5,-3940.5,548.237
5211.5,-3942.5,548.29
5211.5,-3941.5,548.242
5211.5,-3940.5,548.202
5211.5,-3939.5,548.165
5211.5,-3938.5,548.142
5212.5,-3942.5,548.298
5212.5,-3941.5,548.257
5212.5,-3940.5,548.222
5223.5,-3937.5,548.032
5233.5,-3931.5,548.23
5233.5,-3930.5,548.285
5232.5,-3932.5,548.116
5232.5,-3931.5,548.162
5232.5,-3930.5,548.219
5231.5,-3932.5,548.081
5231.5,-3931.5,548.119
5231.5,-3930.5,548.165
5230.5,-3933.5,548.046
5230.5,-3932.5,548.062
5230.5,-3931.5,548.09
5230.5,-3930.5,548.123
5228.5,-3934.5,548.014
5228.5,-3933.5,548.031
5228.5,-3932.5,548.052
5228.5,-3931.5,548.064
5228.5,-3930.5,548.075
5229.5,-3933.5,548.051
5229.5,-3932.5,548.055
5229.5,-3931.5,548.072
5229.5,-3930.5,548.092
5226.5,-3932.5,547.996
5226.5,-3931.5,547.997
5227.5,-3934.5,548.002
5227.5,-3933.5,548.001
5227.5,-3932.5,548.01
5227.5,-3931.5,548.03
5227.5,-3930.5,548.054
5234.5,-3931.5,548.301
5234.5,-3930.5,548.36
5235.5,-3930.5,548.442
5236.5,-3930.5,548.507
5227.5,-3935.5,548.003
5226.5,-3935.5,547.994
5226.5,-3934.5,547.993
5226.5,-3933.5,547.994
5223.5,-3936.5,548.029
5223.5,-3935.5,548.016
5223.5,-3934.5,548.004
5223.5,-3933.5,547.992
5222.5,-3937.5,548.068
5222.5,-3936.5,548.045
5222.5,-3935.5,548.027
5222.5,-3934.5,548.009
5222.5,-3933.5,548
5224.5,-3936.5,548.019
5224.5,-3935.5,548.007
5224.5,-3934.5,547.995
5224.5,-3933.5,547.984
5224.5,-3932.5,547.978
5225.5,-3935.5,547.998
5225.5,-3934.5,547.991
5225.5,-3933.5,547.985
5225.5,-3932.5,547.985
5225.5,-3931.5,547.986
5219.5,-3938.5,548.26
5219.5,-3937.5,548.216
5219.5,-3936.5,548.16
5219.5,-3935.5,548.094
5219.5,-3934.5,548.038
5219.5,-3933.5,547.998
5218.5,-3938.5,548.263
5218.5,-3937.5,548.218
5218.5,-3936.5,548.173
5218.5,-3935.5,548.129
5220.5,-3938.5,548.225
5220.5,-3937.5,548.156
5220.5,-3936.5,548.103
5220.5,-3935.5,548.053
5220.5,-3934.5,548.017
5220.5,-3933.5,547.995
5221.5,-3937.5,548.094
5221.5,-3936.5,548.056
5221.5,-3935.5,548.034
5221.5,-3934.5,548.013
5221.5,-3933.5,547.998
5211.5,-3933.5,547.985
5213.5,-3939.5,548.266
5214.5,-3940.5,548.284
5214.5,-3939.5,548.236
5217.5,-3939.5,548.268
5217.5,-3938.5,548.25
5217.5,-3937.5,548.224
5217.5,-3936.5,548.18
5216.5,-3939.5,548.262
5216.5,-3938.5,548.23
5216.5,-3937.5,548.203
5215.5,-3940.5,548.264
5215.5,-3939.5,548.24
5215.5,-3938.5,548.216
5210.5,-3933.5,548.002
5210.5,-3936.5,548.13
5210.5,-3935.5,548.095
5215.5,-3937.5,548.283
5215.5,-3936.5,548.256
5215.5,-3935.5,548.172
5216.5,-3936.5,548.208
5216.5,-3935.5,548.153
5217.5,-3935.5,548.139
5214.5,-3938.5,548.24
5214.5,-3937.5,548.218
5214.5,-3936.5,548.21
5214.5,-3935.5,548.184
5213.5,-3938.5,548.212
5213.5,-3937.5,548.183
5213.5,-3936.5,548.155
5213.5,-3935.5,548.136
5211.5,-3937.5,548.137
5211.5,-3936.5,548.111
5211.5,-3935.5,548.07
5211.5,-3934.5,548.034
5212.5,-3939.5,548.181
5212.5,-3938.5,548.15
5212.5,-3937.5,548.156
5212.5,-3936.5,548.126
5212.5,-3935.5,548.094
5212.5,-3934.5,548.063
5212.5,-3933.5,548.036
5218.5,-3934.5,548.115
5218.5,-3933.5,548.295
5218.5,-3932.5,548.251
5218.5,-3931.5,548.184
5219.5,-3932.5,548.269
5219.5,-3931.5,548.2
5219.5,-3930.5,548.135
5221.5,-3932.5,548.184
5221.5,-3931.5,548.133
5221.5,-3930.5,548.083
5220.5,-3932.5,548.265
5220.5,-3931.5,548.188
5220.5,-3930.5,548.118
5225.5,-3930.5,547.868
5224.5,-3931.5,547.809
5224.5,-3930.5,547.861
5222.5,-3932.5,548.122
5222.5,-3931.5,548.05
5222.5,-3930.5,547.981
5223.5,-3932.5,547.9
5223.5,-3931.5,547.892
5223.5,-3930.5,547.889
5214.5,-3934.5,548.118
5217.5,-3934.5,548.256
5217.5,-3933.5,548.214
5217.5,-3932.5,548.172
5217.5,-3931.5,548.142
5216.5,-3934.5,548.185
5216.5,-3933.5,548.169
5216.5,-3932.5,548.142
5215.5,-3934.5,548.103
5215.5,-3933.5,548.099
5226.5,-3930.5,547.887
5215.5,-3932.5,548.244
5216.5,-3931.5,548.183
5214.5,-3933.5,548.223
5214.5,-3932.5,548.18
5213.5,-3934.5,548.148
5213.5,-3933.5,548.164
5213.5,-3932.5,548.11
5213.5,-3931.5,548.055
5212.5,-3932.5,548.066
5212.5,-3931.5,548.012
5211.5,-3931.5,547.967
5211.5,-3930.5,547.904
5214.5,-3931.5,548.164
5214.5,-3930.5,548.017
5216.5,-3930.5,548.049
5215.5,-3931.5,548.051
5215.5,-3930.5,548.02
5217.5,-3930.5,548.116
5218.5,-3930.5,548.203
5213.5,-3930.5,548.012
5212.5,-3930.5,548.006
5204.5,-3932.5,547.853
5204.5,-3931.5,547.887
5204.5,-3930.5,547.933
5205.5,-3930.5,547.939
5198.5,-3930.5,547.967
5199.5,-3931.5,547.928
5199.5,-3930.5,547.967
5200.5,-3931.5,547.92
5200.5,-3930.5,547.964
5201.5,-3932.5,547.882
5201.5,-3931.5,547.911
5201.5,-3930.5,547.962
5202.5,-3933.5,547.851
5202.5,-3932.5,547.859
5202.5,-3931.5,547.909
5202.5,-3930.5,547.948
5203.5,-3933.5,547.818
5203.5,-3932.5,547.856
5203.5,-3931.5,547.9
5203.5,-3930.5,547.934
5202.5,-3935.5,547.841
5202.5,-3934.5,547.844
5201.5,-3936.5,547.857
5201.5,-3935.5,547.863
5201.5,-3934.5,547.862
5201.5,-3933.5,547.869
5200.5,-3937.5,547.87
5200.5,-3936.5,547.867
5200.5,-3935.5,547.875
5200.5,-3934.5,547.881
5200.5,-3933.5,547.886
5200.5,-3932.5,547.896
5198.5,-3940.5,547.99
5198.5,-3939.5,547.957
5198.5,-3938.5,547.93
5198.5,-3937.5,547.905
5198.5,-3936.5,547.898
5198.5,-3935.5,547.898
5198.5,-3934.5,547.903
5198.5,-3933.5,547.912
5198.5,-3932.5,547.924
5198.5,-3931.5,547.938
5199.5,-3939.5,547.927
5199.5,-3938.5,547.898
5199.5,-3937.5,547.887
5199.5,-3936.5,547.883
5199.5,-3935.5,547.884
5199.5,-3934.5,547.894
5199.5,-3933.5,547.9
5199.5,-3932.5,547.911
5196.5,-3942.5,548.003
5196.5,-3941.5,548.025
5196.5,-3940.5,548.025
5196.5,-3939.5,548.014
5196.5,-3938.5,547.98
5196.5,-3937.5,547.958
5196.5,-3936.5,547.935
5196.5,-3935.5,547.922
5196.5,-3934.5,547.924
5196.5,-3933.5,547.931
5196.5,-3932.5,547.94
5196.5,-3931.5,547.952
5196.5,-3930.5,547.974
5197.5,-3941.5,548.041
5197.5,-3940.5,548.029
5197.5,-3939.5,547.987
5197.5,-3938.5,547.957
5197.5,-3937.5,547.933
5197.5,-3936.5,547.913
5197.5,-3935.5,547.91
5197.5,-3934.5,547.914
5197.5,-3933.5,547.921
5197.5,-3932.5,547.93
5197.5,-3931.5,547.948
5197.5,-3930.5,547.968
5207.5,-3931.5,549.071
5208.5,-3938.5,548.827
5210.5,-3944.5,548.905
5212.5,-3945.5,548.856
5212.5,-3944.5,548.87
5212.5,-3943.5,548.908
5211.5,-3944.5,548.887
5207.5,-3937.5,548.776
5207.5,-3930.5,548.581
5208.5,-3935.5,548.794
5208.5,-3930.5,548.635
5210.5,-3934.5,548.829
5209.5,-3935.5,548.823
5209.5,-3930.5,548.689
5214.5,-3947.5,548.745
5214.5,-3946.5,548.744
5214.5,-3945.5,548.819
5215.5,-3946.5,548.775
5220.5,-3946.5,548.463
5221.5,-3949.5,548.289
5221.5,-3948.5,548.286
5221.5,-3947.5,548.282
5221.5,-3946.5,548.303
5222.5,-3948.5,548.164
5222.5,-3947.5,548.161
5222.5,-3954.5,548.493
5222.5,-3957.5,548.604
5222.5,-3956.5,548.567
5223.5,-3958.5,548.649
5223.5,-3957.5,548.612
5223.5,-3956.5,548.575
5223.5,-3955.5,548.538
5224.5,-3959.5,548.695
5224.5,-3958.5,548.658
5224.5,-3957.5,548.621
5224.5,-3956.5,548.584
5224.5,-3955.5,548.547
5225.5,-3960.5,548.74
5225.5,-3959.5,548.703
5225.5,-3958.5,548.666
5225.5,-3957.5,548.629
5225.5,-3956.5,548.593
5225.5,-3955.5,548.556
5220.5,-3945.5,548.816
5218.5,-3945.5,548.894
5219.5,-3945.5,548.855
5215.5,-3945.5,549.068
5215.5,-3944.5,549.076
5215.5,-3948.5,548.94
5215.5,-3947.5,548.989
5216.5,-3945.5,548.996
5217.5,-3945.5,548.933
5226.5,-3959.5,548.712
5226.5,-3958.5,548.675
5226.5,-3957.5,548.638
5226.5,-3956.5,548.601
5226.5,-3955.5,548.564
5227.5,-3958.5,548.684
5227.5,-3957.5,548.647
5227.5,-3956.5,548.61
5227.5,-3955.5,548.573
5229.5,-3956.5,548.627
5229.5,-3955.5,548.59
5228.5,-3957.5,548.655
5228.5,-3956.5,548.618
5228.5,-3955.5,548.581
5228.5,-3954.5,548.544
5230.5,-3955.5,548.598
5214.5,-3944.5,549.131
5217.5,-3944.5,548.7
5216.5,-3944.5,548.736
5226.5,-3945.5,549.032
5232.5,-3946.5,548.509
5233.5,-3945.5,548.649
5223.5,-3945.5,548.695
5240.5,-3945.5,549.033
5234.5,-3947.5,548.589
5236.5,-3948.5,548.689
5235.5,-3948.5,548.699
5239.5,-3945.5,548.956
5237.5,-3946.5,548.804
5238.5,-3947.5,548.812
5238.5,-3946.5,548.852
5238.5,-3945.5,548.89
5235.5,-3943.5,548.787
5234.5,-3946.5,548.703
5234.5,-3945.5,548.744
5225.5,-3946.5,548.945
5237.5,-3945.5,548.866
5238.5,-3944.5,548.931
5239.5,-3944.5,549.032
5239.5,-3943.5,549.065
5240.5,-3944.5,549.115
5245.5,-3943.5,549.612
5245.5,-3942.5,549.659
5245.5,-3941.5,549.705
5245.5,-3940.5,549.752
5245.5,-3939.5,549.799
5245.5,-3938.5,549.846
5244.5,-3939.5,549.707
5244.5,-3944.5,549.473
5244.5,-3943.5,549.519
5244.5,-3942.5,549.566
5242.5,-3944.5,549.288
5242.5,-3942.5,549.382
5243.5,-3944.5,549.38
5243.5,-3943.5,549.427
5246.5,-3943.5,549.704
5246.5,-3942.5,549.751
5246.5,-3941.5,549.798
5246.5,-3940.5,549.844
5246.5,-3939.5,549.891
5247.5,-3943.5,549.796
5247.5,-3942.5,549.843
5247.5,-3941.5,549.89
5247.5,-3940.5,549.937
5247.5,-3939.5,549.983
5247.5,-3938.5,550.03
5248.5,-3943.5,549.889
5248.5,-3942.5,549.935
5248.5,-3941.5,549.982
5248.5,-3940.5,550.029
5248.5,-3939.5,550.076
5248.5,-3938.5,550.123
5248.5,-3937.5,550.169
5249.5,-3943.5,549.981
5249.5,-3942.5,550.028
5249.5,-3941.5,550.074
5249.5,-3940.5,550.121
5249.5,-3939.5,550.168
5249.5,-3938.5,550.215
5247.5,-3944.5,550.432
5246.5,-3944.5,550.291
5245.5,-3944.5,550.15
5217.5,-3943.5,549.076
5209.5,-3936.5,549.122
5209.5,-3932.5,548.961
5209.5,-3931.5,548.993
5210.5,-3932.5,548.933
5210.5,-3931.5,548.936
5210.5,-3930.5,548.939
5208.5,-3932.5,548.925
5208.5,-3931.5,548.968
5208.5,-3937.5,548.854
5206.5,-3932.5,548.894
5197.5,-3943.5,548.671
5211.5,-3932.5,548.875
5211.5,-3943.5,549.036
5207.5,-3944.5,549.039
5207.5,-3943.5,549.031
5207.5,-3942.5,549.022
5207.5,-3941.5,549.015
5207.5,-3940.5,549.012
5206.5,-3944.5,549.033
5206.5,-3943.5,549.018
5206.5,-3942.5,549.004
5206.5,-3941.5,548.989
5205.5,-3944.5,549.011
5205.5,-3943.5,548.995
5208.5,-3944.5,549.046
5208.5,-3943.5,549.039
5208.5,-3942.5,549.038
5208.5,-3941.5,549.038
5208.5,-3940.5,549.037
5208.5,-3939.5,549.034
5210.5,-3943.5,549.041
5210.5,-3942.5,549.036
5210.5,-3941.5,549.032
5209.5,-3944.5,549.049
5209.5,-3943.5,549.045
5209.5,-3942.5,549.041
5209.5,-3941.5,549.036
5209.5,-3940.5,549.032
5205.5,-3942.5,549.26
5204.5,-3944.5,549.285
5216.5,-3957.5,548.509
5240.5,-3960.5,548.777
5239.5,-3963.5,548.686
5239.5,-3962.5,548.69
5239.5,-3961.5,548.695
5239.5,-3960.5,548.699
5234.5,-3964.5,548.291
5234.5,-3963.5,548.296
5235.5,-3963.5,548.374
5235.5,-3958.5,548.397
5236.5,-3962.5,548.456
5236.5,-3961.5,548.461
5236.5,-3960.5,548.465
5236.5,-3964.5,548.447
5237.5,-3965.5,548.521
5237.5,-3964.5,548.525
5237.5,-3963.5,548.53
5237.5,-3962.5,548.534
5237.5,-3961.5,548.539
5237.5,-3960.5,548.543
5237.5,-3959.5,548.548
5238.5,-3965.5,548.599
5238.5,-3964.5,548.603
5238.5,-3963.5,548.608
5238.5,-3962.5,548.612
5238.5,-3961.5,548.617
5238.5,-3960.5,548.621
5232.5,-3963.5,548.14
5233.5,-3963.5,548.218
5232.5,-3956.5,548.081
5232.5,-3957.5,548.041
5244.5,-3957.5,549.272
5231.5,-3958.5,547.959
5231.5,-3957.5,548.005
5231.5,-3963.5,547.835
5232.5,-3964.5,547.722
5233.5,-3966.5,547.631
5233.5,-3965.5,547.673
5233.5,-3964.5,547.753
5234.5,-3965.5,547.723
5241.5,-3969.5,548.476
5241.5,-3968.5,548.437
5242.5,-3969.5,548.546
5242.5,-3968.5,548.508
5245.5,-3969.5,548.758
5245.5,-3968.5,548.719
5245.5,-3967.5,548.681
5243.5,-3969.5,548.617
5243.5,-3968.5,548.578
5243.5,-3967.5,548.54
5244.5,-3969.5,548.687
5244.5,-3968.5,548.649
5244.5,-3967.5,548.61
5246.5,-3968.5,548.79
5228.5,-3961.5,547.932
5233.5,-3955.5,548.216
5225.5,-3961.5,547.85
5230.5,-3956.5,548.025
5241.5,-3954.5,549.251
5239.5,-3957.5,548.865
5239.5,-3956.5,548.914
5231.5,-3956.5,548.343
5231.5,-3962.5,547.92
5234.5,-3966.5,547.862
5234.5,-3956.5,548.112
5233.5,-3956.5,548.112
5229.5,-3960.5,548.008
5229.5,-3961.5,548.039
5249.5,-3969.5,548.645
5229.5,-3963.5,547.959
5229.5,-3962.5,547.978
5233.5,-3957.5,548.066
5230.5,-3963.5,548.04
5230.5,-3962.5,548.051
5231.5,-3964.5,548.025
5232.5,-3965.5,548.018
5249.5,-3968.5,548.724
5242.5,-3962.5,548.099
5250.5,-3967.5,548.747
5232.5,-3962.5,548.162
5232.5,-3961.5,548.147
5232.5,-3960.5,548.137
5232.5,-3959.5,548.135
5232.5,-3958.5,548.136
5233.5,-3962.5,548.176
5233.5,-3961.5,548.154
5233.5,-3960.5,548.139
5233.5,-3959.5,548.126
5233.5,-3958.5,548.12
5231.5,-3961.5,548.152
5231.5,-3960.5,548.149
5231.5,-3959.5,548.147
5230.5,-3961.5,548.117
5234.5,-3961.5,548.156
5234.5,-3960.5,548.135
5234.5,-3959.5,548.125
5234.5,-3958.5,548.116
5235.5,-3959.5,548.115
5230.5,-3964.5,548.403
5228.5,-3963.5,548.243
5239.5,-3954.5,549.002
5239.5,-3953.5,549.077
5239.5,-3952.5,549.152
5239.5,-3950.5,549.302
5241.5,-3949.5,549.597
5242.5,-3952.5,549.482
5233.5,-3954.5,548.257
5241.5,-3953.5,549.26
5240.5,-3955.5,549.023
5240.5,-3953.5,549.149
5242.5,-3951.5,549.497
5241.5,-3951.5,549.386
5244.5,-3958.5,549.193
5248.5,-3969.5,548.472
5240.5,-3968.5,548.117
5223.5,-3960.5,547.929
5222.5,-3961.5,547.869
5224.5,-3960.5,547.931
5240.5,-3951.5,549.224
5240.5,-3950.5,549.301
5241.5,-3950.5,549.393
5243.5,-3963.5,548.151
5244.5,-3964.5,548.222
5247.5,-3967.5,548.435
5233.5,-3952.5,548.396
5240.5,-3959.5,548.834
5241.5,-3959.5,548.926
5241.5,-3958.5,548.942
5239.5,-3959.5,548.743
5243.5,-3959.5,549.108
5243.5,-3958.5,549.125
5243.5,-3957.5,549.141
5242.5,-3959.5,549.017
5242.5,-3958.5,549.033
5222.5,-3955.5,548.324
5220.5,-3959.5,547.97
5219.5,-3959.5,548.061
5218.5,-3959.5,548.18
5230.5,-3966.5,547.775
5231.5,-3966.5,547.772
5236.5,-3969.5,547.925
5236.5,-3968.5,547.928
5236.5,-3967.5,547.944
5235.5,-3969.5,547.878
5237.5,-3968.5,547.987
5235.5,-3968.5,547.905
5235.5,-3967.5,547.874
5234.5,-3969.5,547.842
5232.5,-3968.5,547.805
5232.5,-3955.5,548.171
5231.5,-3955.5,548.129
5229.5,-3954.5,548.273
5238.5,-3959.5,548.584
5239.5,-3958.5,548.729
5241.5,-3957.5,548.976
5241.5,-3956.5,549.017
5241.5,-3955.5,549.057
5240.5,-3958.5,548.832
5240.5,-3957.5,548.873
5240.5,-3956.5,548.913
5242.5,-3957.5,549.08
5242.5,-3955.5,549.161
5242.5,-3954.5,549.201
5242.5,-3953.5,549.242
5243.5,-3955.5,549.265
5243.5,-3954.5,549.305
5243.5,-3953.5,549.345
5232.5,-3954.5,548.249
5234.5,-3957.5,548.082
5240.5,-3961.5,548.085
5241.5,-3961.5,548.065
5243.5,-3962.5,548.172
5244.5,-3966.5,548.3
5242.5,-3961.5,548.108
5244.5,-3963.5,548.236
5244.5,-3962.5,548.215
5245.5,-3963.5,548.28
5247.5,-3966.5,548.429
5247.5,-3965.5,548.408
5247.5,-3964.5,548.387
5247.5,-3969.5,548.493
5247.5,-3968.5,548.472
5246.5,-3963.5,548.323
5248.5,-3968.5,548.515
5248.5,-3967.5,548.494
5248.5,-3965.5,548.451
5248.5,-3964.5,548.43
5249.5,-3966.5,548.516
5249.5,-3965.5,548.494
5249.5,-3964.5,548.473
5234.5,-3962.5,548.136
5235.5,-3962.5,548.149
5231.5,-3954.5,548.201
5230.5,-3954.5,548.226
5235.5,-3957.5,548.297
5235.5,-3956.5,548.355
5235.5,-3953.5,548.527
5235.5,-3952.5,548.585
5234.5,-3953.5,548.471
5234.5,-3952.5,548.528
5238.5,-3958.5,548.408
5238.5,-3957.5,548.466
5238.5,-3956.5,548.523
5238.5,-3955.5,548.581
5238.5,-3954.5,548.638
5238.5,-3953.5,548.696
5237.5,-3954.5,548.582
5237.5,-3958.5,548.352
5237.5,-3957.5,548.41
5237.5,-3956.5,548.467
5236.5,-3959.5,548.249
5236.5,-3958.5,548.296
5236.5,-3957.5,548.353
5236.5,-3956.5,548.411
5236.5,-3955.5,548.468
5236.5,-3953.5,548.583
5244.5,-3954.5,548.976
5235.5,-3965.5,547.924
5234.5,-3968.5,547.879
5234.5,-3967.5,547.864
5233.5,-3968.5,547.831
5235.5,-3961.5,548.084
5235.5,-3960.5,548.204
5236.5,-3966.5,547.98
5237.5,-3969.5,548.076
5242.5,-3967.5,548.289
5242.5,-3966.5,548.273
5241.5,-3967.5,548.24
5241.5,-3966.5,548.224
5239.5,-3966.5,548.126
5239.5,-3965.5,548.11
5240.5,-3967.5,548.191
5240.5,-3966.5,548.175
5240.5,-3965.5,548.159
5215.5,-3951.5,548.703
5214.5,-3951.5,548.759
5214.5,-3949.5,548.821
5213.5,-3950.5,548.822
5215.5,-3949.5,548.807
5237.5,-3949.5,548.82
5238.5,-3952.5,548.851
5238.5,-3951.5,548.846
5239.5,-3948.5,548.997
5239.5,-3947.5,549.024
5239.5,-3951.5,548.963
5238.5,-3948.5,548.953
5240.5,-3952.5,549.088
5241.5,-3952.5,549.207
5245.5,-3956.5,549.708
5249.5,-3952.5,550.156
5248.5,-3953.5,550.044
5246.5,-3956.5,549.826
5246.5,-3955.5,549.82
5247.5,-3954.5,549.932
5247.5,-3953.5,549.925
5247.5,-3952.5,549.918
5241.5,-3945.5,549.641
5245.5,-3948.5,549.934
5245.5,-3947.5,549.962
5245.5,-3946.5,549.99
5244.5,-3948.5,549.813
5241.5,-3948.5,549.451
5240.5,-3948.5,549.33
5240.5,-3947.5,549.358
5240.5,-3946.5,549.386
5239.5,-3949.5,549.181
5238.5,-3949.5,549.06
5221.5,-3945.5,548.799
5222.5,-3946.5,548.705
5222.5,-3945.5,548.763
5223.5,-3947.5,548.613
5223.5,-3946.5,548.67
5224.5,-3948.5,548.526
5224.5,-3947.5,548.588
5225.5,-3945.5,548.721
5224.5,-3945.5,548.691
5218.5,-3947.5,548.644
5218.5,-3946.5,548.689
5228.5,-3951.5,548.366
5227.5,-3951.5,548.581
5226.5,-3952.5,548.478
5226.5,-3951.5,548.513
5227.5,-3952.5,548.428
5231.5,-3952.5,548.55
5237.5,-3944.5,548.999
5237.5,-3943.5,549.037
5238.5,-3943.5,549.089
5236.5,-3947.5,548.832
5236.5,-3946.5,548.87
5236.5,-3945.5,548.909
5236.5,-3944.5,548.947
5236.5,-3943.5,548.985
5235.5,-3947.5,548.78
5235.5,-3946.5,548.818
5235.5,-3945.5,548.857
5235.5,-3944.5,548.895
5234.5,-3944.5,548.843
5224.5,-3946.5,548.788
5218.5,-3948.5,548.658
5219.5,-3951.5,548.464
5219.5,-3950.5,548.528
5219.5,-3948.5,548.645
5219.5,-3947.5,548.704
5220.5,-3948.5,548.625
5220.5,-3947.5,548.683
5223.5,-3949.5,548.433
5223.5,-3948.5,548.515
5229.5,-3953.5,548.227
5229.5,-3952.5,548.271
5227.5,-3959.5,548.114
5239.5,-3964.5,548.013
5240.5,-3964.5,548.118
5240.5,-3963.5,548.156
5240.5,-3962.5,548.194
5241.5,-3965.5,548.185
5241.5,-3964.5,548.223
5241.5,-3963.5,548.261
5241.5,-3962.5,548.299
5242.5,-3965.5,548.291
5242.5,-3964.5,548.328
5242.5,-3963.5,548.366
5245.5,-3962.5,548.719
5242.5,-3960.5,548.48
5243.5,-3966.5,548.358
5243.5,-3965.5,548.396
5243.5,-3964.5,548.433
5246.5,-3962.5,548.824
5227.5,-3954.5,548.264
5227.5,-3953.5,548.318
5226.5,-3954.5,548.273
5226.5,-3953.5,548.325
5228.5,-3953.5,548.298
5228.5,-3952.5,548.354
5233.5,-3953.5,548.385
5232.5,-3953.5,548.299
5223.5,-3954.5,548.24
5223.5,-3953.5,548.288
5224.5,-3954.5,548.211
5224.5,-3953.5,548.269
5224.5,-3952.5,548.327
5224.5,-3951.5,548.383
5225.5,-3954.5,548.27
5225.5,-3953.5,548.319
5225.5,-3952.5,548.369
5228.5,-3950.5,548.417
5232.5,-3952.5,548.409
5233.5,-3951.5,548.558
5230.5,-3953.5,548.208
5230.5,-3952.5,548.277
5230.5,-3951.5,548.361
5239.5,-3946.5,549.24
5237.5,-3948.5,548.989
5237.5,-3947.5,549.051
5225.5,-3951.5,548.404
5225.5,-3950.5,548.454
5225.5,-3949.5,548.508
5224.5,-3950.5,548.465
5224.5,-3949.5,548.508
5223.5,-3952.5,548.405
5223.5,-3951.5,548.43
5223.5,-3950.5,548.456
5222.5,-3953.5,548.421
5222.5,-3952.5,548.447
5222.5,-3951.5,548.474
5222.5,-3950.5,548.5
5222.5,-3949.5,548.525
5220.5,-3953.5,548.354
5221.5,-3953.5,548.385
5221.5,-3952.5,548.46
5221.5,-3951.5,548.534
5221.5,-3950.5,548.607
5220.5,-3952.5,548.421
5220.5,-3951.5,548.485
5220.5,-3950.5,548.549
5220.5,-3949.5,548.612
5219.5,-3949.5,548.642
5246.5,-3966.5,548.481
5246.5,-3965.5,548.537
5246.5,-3964.5,548.593
5247.5,-3963.5,548.745
5248.5,-3966.5,548.673
5249.5,-3963.5,548.937
5249.5,-3962.5,548.993
5249.5,-3961.5,549.049
5249.5,-3960.5,549.105
5244.5,-3965.5,548.346
5245.5,-3966.5,548.386
5245.5,-3965.5,548.441
5245.5,-3964.5,548.497
5245.5,-3958.5,548.833
5250.5,-3962.5,549.089
5250.5,-3961.5,549.145
5245.5,-3960.5,548.871
5245.5,-3959.5,548.873
5244.5,-3961.5,548.774
5244.5,-3960.5,548.777
5244.5,-3959.5,548.779
5243.5,-3961.5,548.68
5246.5,-3960.5,548.965
5246.5,-3959.5,548.967
5231.5,-3953.5,548.24
5219.5,-3953.5,548.479
5218.5,-3953.5,548.514
5218.5,-3952.5,548.566
5217.5,-3953.5,548.529
5215.5,-3950.5,548.668
5232.5,-3951.5,548.584
5218.5,-3949.5,548.604
5219.5,-3952.5,548.397
5246.5,-3967.5,548.338
5246.5,-3969.5,548.297
5216.5,-3951.5,548.682
5232.5,-3950.5,548.572
5217.5,-3948.5,548.666
5217.5,-3947.5,548.734
5226.5,-3949.5,548.5
5237.5,-3967.5,548.106
5237.5,-3966.5,548.084
5240.5,-3969.5,548.248
5238.5,-3969.5,548.183
5238.5,-3968.5,548.161
5238.5,-3967.5,548.139
5238.5,-3966.5,548.116
5239.5,-3969.5,548.216
5239.5,-3968.5,548.194
5239.5,-3967.5,548.171
5218.5,-3957.5,548.139
5237.5,-3953.5,548.766
5237.5,-3952.5,548.814
5236.5,-3952.5,548.769
5234.5,-3951.5,548.727
5234.5,-3950.5,548.775
5235.5,-3951.5,548.772
5232.5,-3949.5,548.734
5233.5,-3950.5,548.73
5233.5,-3949.5,548.779
5226.5,-3950.5,548.554
5218.5,-3954.5,548.336
5218.5,-3951.5,548.519
5218.5,-3950.5,548.59
5217.5,-3952.5,548.487
5217.5,-3951.5,548.562
5219.5,-3954.5,548.37
5220.5,-3954.5,548.386
5221.5,-3954.5,548.349
5220.5,-3958.5,548.34
5217.5,-3957.5,548.471
5214.5,-3953.5,548.551
5219.5,-3958.5,548.13
5241.5,-3960.5,548.508
5246.5,-3961.5,548.944
5243.5,-3960.5,548.694
5245.5,-3961.5,548.852
5218.5,-3958.5,548.411
5216.5,-3956.5,548.459
5235.5,-3950.5,548.895
5235.5,-3949.5,548.957
5234.5,-3949.5,548.906
5234.5,-3948.5,548.968
5236.5,-3951.5,548.885
5236.5,-3950.5,548.947
5236.5,-3949.5,549.009
5237.5,-3951.5,548.936
5237.5,-3950.5,548.998
5236.5,-3963.5,548.158
5235.5,-3964.5,548.079
5236.5,-3965.5,548.112
5224.5,-3961.5,547.918
5235.5,-3966.5,548.102
5226.5,-3960.5,548.14
5221.5,-3957.5,548.29
5218.5,-3960.5,547.796
5221.5,-3960.5,548.192
5222.5,-3959.5,548.166
5215.5,-3956.5,548.407
5228.5,-3966.5,547.791
5229.5,-3967.5,547.773
5229.5,-3965.5,547.854
5229.5,-3964.5,547.896
5230.5,-3965.5,547.876
5233.5,-3967.5,548.079
5232.5,-3967.5,548.003
5228.5,-3968.5,547.846
5223.5,-3964.5,548.039
5224.5,-3964.5,547.99
5228.5,-3967.5,547.895
5227.5,-3968.5,547.879
5229.5,-3966.5,547.918
5227.5,-3969.5,548.237
5226.5,-3967.5,548.126
5228.5,-3969.5,548.273
5225.5,-3969.5,548.165
5224.5,-3967.5,548.054
5216.5,-3948.5,548.855
5216.5,-3947.5,548.91
5207.5,-3938.5,548.839
5208.5,-3956.5,549.057
5208.5,-3955.5,549.024
5208.5,-3954.5,548.991
5209.5,-3954.5,548.934
5209.5,-3953.5,548.901
5209.5,-3952.5,548.868
5206.5,-3957.5,549.203
5207.5,-3957.5,549.147
5207.5,-3956.5,549.113
5207.5,-3955.5,549.08
5217.5,-3946.5,548.8
5215.5,-3954.5,548.234
5230.5,-3960.5,548.141
5228.5,-3960.5,548.073
5228.5,-3959.5,548.15
5229.5,-3959.5,548.103
5216.5,-3958.5,548.137
5225.5,-3962.5,548.052
5222.5,-3958.5,548.22
5208.5,-3951.5,548.631
5211.5,-3954.5,548.433
5208.5,-3952.5,548.975
5207.5,-3954.5,549.107
5207.5,-3953.5,549.067
5207.5,-3952.5,549.026
5206.5,-3956.5,549.239
5206.5,-3955.5,549.199
5206.5,-3954.5,549.159
5206.5,-3953.5,549.118
5204.5,-3948.5,549.02
5204.5,-3956.5,549.342
5204.5,-3955.5,549.302
5204.5,-3954.5,549.262
5204.5,-3953.5,549.221
5204.5,-3952.5,549.181
5204.5,-3951.5,549.141
5205.5,-3956.5,549.291
5205.5,-3955.5,549.25
5205.5,-3954.5,549.21
5205.5,-3953.5,549.17
5205.5,-3952.5,549.13
5201.5,-3955.5,549.457
5201.5,-3954.5,549.417
5201.5,-3953.5,549.376
5201.5,-3952.5,549.336
5201.5,-3951.5,549.296
5201.5,-3950.5,549.255
5200.5,-3954.5,549.468
5200.5,-3953.5,549.428
5200.5,-3952.5,549.388
5200.5,-3951.5,549.347
5202.5,-3955.5,549.405
5202.5,-3954.5,549.365
5202.5,-3953.5,549.325
5202.5,-3952.5,549.284
5202.5,-3951.5,549.244
5202.5,-3950.5,549.204
5202.5,-3949.5,549.164
5203.5,-3956.5,549.394
5203.5,-3955.5,549.354
5203.5,-3954.5,549.313
5203.5,-3953.5,549.273
5203.5,-3952.5,549.233
5203.5,-3951.5,549.193
5203.5,-3950.5,549.152
5208.5,-3948.5,548.683
5209.5,-3948.5,548.719
5214.5,-3956.5,548.356
5213.5,-3956.5,548.396
5213.5,-3955.5,548.421
5212.5,-3957.5,548.423
5212.5,-3951.5,548.539
5212.5,-3955.5,548.455
5218.5,-3961.5,548.113
5222.5,-3963.5,548.061
5220.5,-3961.5,548.111
5230.5,-3969.5,548.055
5230.5,-3968.5,548.039
5230.5,-3967.5,548.024
5228.5,-3964.5,547.918
5229.5,-3968.5,548
5231.5,-3969.5,548.093
5231.5,-3968.5,548.078
5231.5,-3967.5,548.062
5231.5,-3965.5,548.031
5232.5,-3969.5,548.132
5232.5,-3966.5,548.085
5233.5,-3969.5,548.171
5217.5,-3961.5,548.114
5212.5,-3956.5,548.488
5212.5,-3959.5,548.415
5212.5,-3958.5,548.44
5213.5,-3959.5,548.395
5213.5,-3958.5,548.419
5213.5,-3957.5,548.443
5214.5,-3957.5,548.42
5209.5,-3956.5,548.499
5209.5,-3958.5,548.448
5208.5,-3958.5,548.403
5208.5,-3957.5,548.434
5211.5,-3959.5,548.427
5211.5,-3958.5,548.447
5211.5,-3956.5,548.486
5210.5,-3958.5,548.445
5202.5,-3948.5,549.007
5200.5,-3948.5,548.983
5201.5,-3949.5,548.941
5201.5,-3948.5,548.997
5197.5,-3953.5,548.944
5197.5,-3952.5,548.971
5196.5,-3953.5,549.003
5196.5,-3952.5,548.962
5198.5,-3953.5,548.688
5214.5,-3959.5,548.363
5214.5,-3958.5,548.395
5215.5,-3959.5,548.295
5215.5,-3958.5,548.32
5215.5,-3957.5,548.346
5221.5,-3958.5,548.17
5245.5,-3957.5,549.605
5245.5,-3955.5,549.639
5245.5,-3954.5,549.656
5246.5,-3958.5,549.738
5246.5,-3957.5,549.755
5247.5,-3957.5,549.905
5247.5,-3956.5,549.922
5247.5,-3955.5,549.94
5244.5,-3956.5,549.565
5244.5,-3955.5,549.545
5243.5,-3956.5,549.435
5242.5,-3956.5,549.306
5240.5,-3954.5,549.008
5221.5,-3955.5,548.322
5219.5,-3956.5,548.268
5219.5,-3955.5,548.333
5220.5,-3956.5,548.271
5220.5,-3955.5,548.336
5215.5,-3955.5,548.296
5215.5,-3953.5,548.442
5216.5,-3955.5,548.309
5216.5,-3954.5,548.371
5216.5,-3953.5,548.433
5216.5,-3952.5,548.504
5216.5,-3950.5,548.671
5216.5,-3949.5,548.764
5217.5,-3954.5,548.384
5217.5,-3950.5,548.645
5217.5,-3949.5,548.734
5214.5,-3955.5,548.294
5214.5,-3954.5,548.369
5213.5,-3954.5,548.371
5212.5,-3954.5,548.372
5199.5,-3941.5,548.767
5199.5,-3940.5,548.716
5201.5,-3942.5,548.78
5201.5,-3941.5,548.721
5200.5,-3942.5,548.79
5200.5,-3941.5,548.741
5200.5,-3940.5,548.691
5202.5,-3947.5,548.854
5203.5,-3947.5,548.816
5198.5,-3941.5,548.808
5198.5,-3942.5,548.843
5199.5,-3942.5,548.846
5197.5,-3942.5,548.834
5202.5,-3944.5,548.755
5202.5,-3943.5,548.777
5203.5,-3943.5,548.762
5203.5,-3942.5,548.787
5200.5,-3943.5,548.808
5201.5,-3943.5,548.793
5205.5,-3941.5,548.826
5200.5,-3947.5,548.831
5197.5,-3948.5,548.735
5197.5,-3947.5,548.766
5197.5,-3946.5,548.824
5197.5,-3945.5,548.886
5197.5,-3944.5,548.955
5196.5,-3945.5,548.856
5196.5,-3944.5,548.92
5199.5,-3947.5,548.809
5199.5,-3946.5,548.872
5198.5,-3948.5,548.728
5198.5,-3947.5,548.788
5198.5,-3946.5,548.848
5198.5,-3945.5,548.913
5198.5,-3944.5,548.963
5198.5,-3943.5,548.999
5199.5,-3945.5,548.917
5199.5,-3944.5,548.952
5199.5,-3943.5,548.988
5200.5,-3946.5,548.87
5200.5,-3945.5,548.905
5200.5,-3944.5,548.941
5201.5,-3947.5,548.823
5201.5,-3946.5,548.858
5201.5,-3945.5,548.893
5201.5,-3944.5,548.929
5202.5,-3946.5,548.846
5202.5,-3945.5,548.881
5203.5,-3946.5,548.834
5203.5,-3945.5,548.877
5204.5,-3942.5,548.947
5204.5,-3941.5,548.919
5204.5,-3940.5,548.85
5204.5,-3936.5,548.819
5202.5,-3942.5,549.059
5202.5,-3941.5,548.99
5202.5,-3940.5,548.921
5202.5,-3939.5,548.853
5202.5,-3938.5,548.783
5202.5,-3937.5,548.832
5202.5,-3936.5,548.91
5203.5,-3941.5,548.954
5203.5,-3940.5,548.886
5203.5,-3939.5,548.837
5203.5,-3938.5,548.824
5203.5,-3937.5,548.884
5203.5,-3936.5,548.876
5201.5,-3940.5,548.957
5201.5,-3939.5,548.888
5201.5,-3938.5,548.819
5201.5,-3937.5,548.739
5200.5,-3939.5,548.924
5200.5,-3938.5,548.855
5218.5,-3943.5,548.989
5219.5,-3944.5,548.933
5219.5,-3943.5,548.933
5219.5,-3942.5,548.913
5228.5,-3946.5,548.642
5227.5,-3946.5,548.647
5227.5,-3945.5,548.663
5225.5,-3947.5,548.665
5226.5,-3947.5,548.645
5226.5,-3946.5,548.675
5228.5,-3944.5,548.573
5233.5,-3946.5,548.685
5205.5,-3936.5,548.77
5205.5,-3932.5,548.802
5206.5,-3930.5,548.87
5206.5,-3934.5,548.735
5206.5,-3933.5,548.776
5209.5,-3934.5,548.823
5209.5,-3933.5,548.87
5207.5,-3936.5,548.781
5207.5,-3935.5,548.721
5207.5,-3934.5,548.759
5207.5,-3933.5,548.813
5208.5,-3936.5,548.804
5208.5,-3934.5,548.787
5208.5,-3933.5,548.842
5213.5,-3947.5,548.779
5214.5,-3950.5,548.555
5216.5,-3946.5,548.849
5205.5,-3937.5,549.092
5210.5,-3945.5,549.035
5229.5,-3944.5,548.724
5248.5,-3956.5,549.453
5248.5,-3951.5,549.734
5248.5,-3950.5,549.791
5249.5,-3951.5,549.857
5249.5,-3950.5,549.914
5250.5,-3952.5,549.924
5250.5,-3951.5,549.98
5250.5,-3950.5,550.036
5231.5,-3948.5,548.6
5249.5,-3953.5,549.695
5247.5,-3958.5,549.329
5227.5,-3950.5,548.608
5219.5,-3946.5,548.832
5247.5,-3948.5,550.131
5247.5,-3947.5,550.161
5247.5,-3946.5,550.19
5247.5,-3945.5,550.22
5218.5,-3944.5,548.941
5216.5,-3943.5,549.068
5213.5,-3949.5,548.63
5213.5,-3948.5,548.684
5213.5,-3946.5,548.823
5213.5,-3945.5,548.91
5213.5,-3944.5,549
5214.5,-3948.5,548.576
5212.5,-3949.5,548.723
5212.5,-3948.5,548.778
5212.5,-3947.5,548.832
5212.5,-3946.5,548.887
5211.5,-3950.5,548.702
5211.5,-3949.5,548.754
5211.5,-3948.5,548.812
5211.5,-3947.5,548.876
5211.5,-3946.5,548.939
5211.5,-3945.5,548.995
5207.5,-3947.5,548.954
5207.5,-3946.5,549
5207.5,-3945.5,549.044
5209.5,-3947.5,548.909
5209.5,-3946.5,548.956
5209.5,-3945.5,549.004
5210.5,-3950.5,548.742
5210.5,-3949.5,548.792
5210.5,-3948.5,548.842
5210.5,-3947.5,548.891
5248.5,-3949.5,550.154
5249.5,-3949.5,550.295
5247.5,-3951.5,549.907
5247.5,-3950.5,549.96
5247.5,-3949.5,550.014
5246.5,-3950.5,549.82
5246.5,-3949.5,549.873
5242.5,-3949.5,549.311
5243.5,-3949.5,549.451
5244.5,-3950.5,549.538
5244.5,-3949.5,549.592
5245.5,-3950.5,549.679
5245.5,-3949.5,549.732
5229.5,-3951.5,548.635
5229.5,-3950.5,548.662
5229.5,-3949.5,548.688
5231.5,-3951.5,548.586
5231.5,-3950.5,548.613
5231.5,-3949.5,548.639
5230.5,-3950.5,548.66
5230.5,-3949.5,548.684
5232.5,-3948.5,548.668
5233.5,-3948.5,548.707
5236.5,-3954.5,548.657
5209.5,-3949.5,548.952
5206.5,-3952.5,548.892
5206.5,-3951.5,548.891
5206.5,-3950.5,548.865
5217.5,-3955.5,548.427
5218.5,-3955.5,548.38
5228.5,-3958.5,548.181
5237.5,-3955.5,548.68
5247.5,-3960.5,548.91
5247.5,-3959.5,548.96
5249.5,-3956.5,549.247
5249.5,-3959.5,549.097
5249.5,-3958.5,549.147
5248.5,-3960.5,548.979
5248.5,-3959.5,549.028
5248.5,-3958.5,549.078
5248.5,-3957.5,549.128
5248.5,-3963.5,548.829
5248.5,-3962.5,548.879
5234.5,-3955.5,548.506
5234.5,-3954.5,548.545
5235.5,-3955.5,548.503
5235.5,-3954.5,548.544
5229.5,-3957.5,548.289
5230.5,-3958.5,548.239
5230.5,-3957.5,548.296
5212.5,-3953.5,548.556
5212.5,-3952.5,548.601
5211.5,-3953.5,548.545
5207.5,-3951.5,548.787
5211.5,-3952.5,548.563
5210.5,-3952.5,548.594
5210.5,-3946.5,548.72
5204.5,-3943.5,549.026
5228.5,-3945.5,548.819
5213.5,-3951.5,548.663
5204.5,-3947.5,548.913
5204.5,-3946.5,548.913
5204.5,-3945.5,548.914
5205.5,-3946.5,548.956
5205.5,-3945.5,548.965
5203.5,-3944.5,548.866
5199.5,-3948.5,548.865
5203.5,-3948.5,548.789
5203.5,-3957.5,548.826
5204.5,-3957.5,548.784
5205.5,-3958.5,548.81
5205.5,-3957.5,548.758
5206.5,-3959.5,548.863
5206.5,-3958.5,548.811
5207.5,-3960.5,548.916
5207.5,-3959.5,548.863
5207.5,-3958.5,548.811
5210.5,-3957.5,548.761
5210.5,-3962.5,549.022
5210.5,-3961.5,548.97
5210.5,-3960.5,548.917
5210.5,-3959.5,548.865
5211.5,-3957.5,548.761
5211.5,-3963.5,549.075
5211.5,-3962.5,549.023
5211.5,-3961.5,548.97
5211.5,-3960.5,548.918
5209.5,-3957.5,548.76
5209.5,-3961.5,548.969
5209.5,-3960.5,548.917
5209.5,-3959.5,548.865
5208.5,-3960.5,548.916
5208.5,-3959.5,548.864
5212.5,-3963.5,549.076
5212.5,-3962.5,549.023
5212.5,-3961.5,548.971
5212.5,-3960.5,548.919
5199.5,-3953.5,548.844
5199.5,-3952.5,548.969
5198.5,-3952.5,549.044
5198.5,-3951.5,548.733
5198.5,-3950.5,548.774
5198.5,-3949.5,548.815
5199.5,-3951.5,548.733
5199.5,-3950.5,548.774
5199.5,-3949.5,548.815
5196.5,-3943.5,548.918
5197.5,-3951.5,548.733
5197.5,-3950.5,548.771
5197.5,-3949.5,548.81
5196.5,-3951.5,548.733
5196.5,-3950.5,548.771
5196.5,-3949.5,548.89
5196.5,-3948.5,548.893
5196.5,-3947.5,548.896
5196.5,-3946.5,548.885
5200.5,-3950.5,548.773
5200.5,-3949.5,548.813
5207.5,-3950.5,548.755
5205.5,-3951.5,548.809
5205.5,-3950.5,548.837
5205.5,-3949.5,548.851
5204.5,-3950.5,548.807
5249.5,-3932.5,550.448
5249.5,-3931.5,550.47
5249.5,-3930.5,550.492
5250.5,-3932.5,550.572
5249.5,-3936.5,550.509
5249.5,-3935.5,550.519
5247.5,-3934.5,550.271
5247.5,-3933.5,550.281
5248.5,-3936.5,550.38
5248.5,-3934.5,550.4
5248.5,-3933.5,550.41
5248.5,-3932.5,550.419
5246.5,-3930.5,550.181
5246.5,-3935.5,550.132
5246.5,-3934.5,550.142
5246.5,-3933.5,550.152
5245.5,-3930.5,550.053
5245.5,-3936.5,550.103
5246.5,-3938.5,550.227
5246.5,-3937.5,550.232
5246.5,-3936.5,550.238
5247.5,-3937.5,550.367
5247.5,-3936.5,550.372
5247.5,-3935.5,550.377
5244.5,-3938.5,549.958
5246.5,-3932.5,550.126
5246.5,-3931.5,550.166
5245.5,-3932.5,550.007
5245.5,-3931.5,550.047
5248.5,-3931.5,550.404
5248.5,-3930.5,550.444
5247.5,-3932.5,550.245
5247.5,-3931.5,550.285
5247.5,-3930.5,550.325
5207.5,-3949.5,548.699
5208.5,-3949.5,548.724
5206.5,-3949.5,548.68
5206.5,-3947.5,548.967
5228.5,-3949.5,548.695
5227.5,-3949.5,548.688
5233.5,-3944.5,548.776
5241.5,-3947.5,549.252
5241.5,-3946.5,549.29
5248.5,-3947.5,549.937
5248.5,-3946.5,549.975
5248.5,-3945.5,550.013
5248.5,-3944.5,550.051
5246.5,-3948.5,549.704
5246.5,-3947.5,549.742
5246.5,-3946.5,549.779
5246.5,-3945.5,549.817
5244.5,-3947.5,549.546
5244.5,-3946.5,549.584
5244.5,-3945.5,549.622
5243.5,-3948.5,549.41
5243.5,-3947.5,549.448
5243.5,-3946.5,549.486
5243.5,-3945.5,549.524
5242.5,-3943.5,549.502
5243.5,-3942.5,549.637
5245.5,-3945.5,549.719
5242.5,-3948.5,549.312
5242.5,-3947.5,549.35
5242.5,-3946.5,549.388
5241.5,-3943.5,549.404
5241.5,-3942.5,549.442
5232.5,-3944.5,548.709
5230.5,-3948.5,548.636
5227.5,-3948.5,548.637
5226.5,-3948.5,548.668
5228.5,-3948.5,548.629
5229.5,-3948.5,548.623
5225.5,-3948.5,548.65
5207.5,-3948.5,548.838
5206.5,-3948.5,548.877
5208.5,-3947.5,548.803
5208.5,-3946.5,548.792
5213.5,-3953.5,548.662
5213.5,-3952.5,548.609
5214.5,-3952.5,548.6
5215.5,-3952.5,548.563
5210.5,-3954.5,548.784
5210.5,-3953.5,548.698
5212.5,-3950.5,548.671
5206.5,-3946.5,548.764
5204.5,-3949.5,548.923
5205.5,-3948.5,548.84
5205.5,-3947.5,548.847
5203.5,-3949.5,549.012
5211.5,-3951.5,548.82
5210.5,-3951.5,548.816
5208.5,-3950.5,548.706
5209.5,-3951.5,548.812
5209.5,-3950.5,548.716
5208.5,-3945.5,549.03
5206.5,-3945.5,549.115
5211.5,-3955.5,548.794
5205.5,-3959.5,549.386
5204.5,-3960.5,549.523
5204.5,-3959.5,549.42
5204.5,-3958.5,549.316
5203.5,-3960.5,549.557
5203.5,-3959.5,549.453
5202.5,-3961.5,549.693
5202.5,-3959.5,549.486
5202.5,-3958.5,549.383
5202.5,-3957.5,549.279
5202.5,-3956.5,549.175
5200.5,-3959.5,549.553
5200.5,-3958.5,549.449
5200.5,-3957.5,549.346
5200.5,-3956.5,549.242
5200.5,-3955.5,549.138
5201.5,-3960.5,549.623
5201.5,-3959.5,549.52
5201.5,-3958.5,549.416
5201.5,-3957.5,549.312
5201.5,-3956.5,549.209
5199.5,-3957.5,549.379
5199.5,-3956.5,549.275
5199.5,-3955.5,549.172
5198.5,-3956.5,549.309
5198.5,-3955.5,549.205
5250.5,-3937.5,550.886
5250.5,-3936.5,551.156
5250.5,-3935.5,551.129
5250.5,-3934.5,551.102
5250.5,-3933.5,551.075
5251.5,-3933.5,551.224
5250.5,-3931.5,550.914
5250.5,-3930.5,550.902
5249.5,-3934.5,550.809
5249.5,-3933.5,550.798
5249.5,-3937.5,550.845
5248.5,-3935.5,550.682
5227.5,-3947.5,548.719
5249.5,-3967.5,548.873
5239.5,-3955.5,548.807
5250.5,-3966.5,549.481
5250.5,-3965.5,549.492
5251.5,-3966.5,549.603
5251.5,-3965.5,549.614
5251.5,-3964.5,549.625
5232.5,-3945.5,548.804
5250.5,-3964.5,549.307
5250.5,-3963.5,549.339
5248.5,-3961.5,549.201
5247.5,-3962.5,549.07
5247.5,-3961.5,549.102
5228.5,-3947.5,548.695
5251.5,-3963.5,549.606
5251.5,-3962.5,549.65
5229.5,-3947.5,548.679
5249.5,-3954.5,549.813
5246.5,-3951.5,549.662
5248.5,-3952.5,549.827
5243.5,-3952.5,549.254
5244.5,-3953.5,549.304
5244.5,-3952.5,549.369
5229.5,-3946.5,548.72
5229.5,-3945.5,548.767
5230.5,-3946.5,548.696
5231.5,-3946.5,548.724
5240.5,-3949.5,549.168
5243.5,-3950.5,549.408
5245.5,-3953.5,549.502
5245.5,-3952.5,549.562
5245.5,-3951.5,549.623
5242.5,-3950.5,549.27
5248.5,-3954.5,549.854
5249.5,-3955.5,549.932
5246.5,-3954.5,549.579
5246.5,-3953.5,549.639
5246.5,-3952.5,549.7
5250.5,-3953.5,550.19
5229.5,-3958.5,548.117
5230.5,-3959.5,548.257
5207.5,-3939.5,549.039
5206.5,-3937.5,548.769
5206.5,-3940.5,549.034
5240.5,-3943.5,549.398
5250.5,-3948.5,551.204
5250.5,-3947.5,551.169
5250.5,-3946.5,551.134
5250.5,-3945.5,551.099
5249.5,-3946.5,550.965
5249.5,-3945.5,550.93
5249.5,-3948.5,551.035
5248.5,-3948.5,550.866
5231.5,-3947.5,548.749
5231.5,-3945.5,548.859
5231.5,-3944.5,548.862
5230.5,-3945.5,548.832
5241.5,-3944.5,549.292
5243.5,-3951.5,549.252
5244.5,-3951.5,549.315
5217.5,-3958.5,548.108
5216.5,-3969.5,547.965
5215.5,-3962.5,547.961
5215.5,-3961.5,548.111
5215.5,-3960.5,548.227
5213.5,-3963.5,547.932
5213.5,-3962.5,547.935
5213.5,-3969.5,547.977
5212.5,-3969.5,547.96
5214.5,-3962.5,547.933
5214.5,-3961.5,548.018
5215.5,-3969.5,547.988
5214.5,-3969.5,547.99
5219.5,-3966.5,547.784
5211.5,-3969.5,547.945
5211.5,-3968.5,547.966
5210.5,-3969.5,547.947
5210.5,-3968.5,547.944
5208.5,-3969.5,547.937
5230.5,-3947.5,548.841
5250.5,-3958.5,549.863
5249.5,-3957.5,549.397
5238.5,-3950.5,548.909
5232.5,-3947.5,548.807
5233.5,-3947.5,548.889
5216.5,-3959.5,548.163
5248.5,-3955.5,549.758
5216.5,-3960.5,547.997
5217.5,-3959.5,547.978
5227.5,-3961.5,547.964
5227.5,-3960.5,548
5223.5,-3965.5,547.694
5222.5,-3966.5,547.71
5217.5,-3960.5,548.011
5225.5,-3963.5,547.811
5227.5,-3963.5,547.872
5224.5,-3962.5,547.866
5220.5,-3960.5,548.019
5216.5,-3961.5,547.9
5213.5,-3965.5,547.986
5213.5,-3964.5,547.889
5214.5,-3963.5,547.761
5212.5,-3967.5,548.21
5212.5,-3966.5,548.114
5212.5,-3965.5,548.017
5212.5,-3964.5,547.921
5208.5,-3968.5,548.434
5208.5,-3967.5,548.337
5209.5,-3967.5,548.305
5209.5,-3966.5,548.209
5210.5,-3967.5,548.274
5211.5,-3967.5,548.242
5211.5,-3966.5,548.146
5211.5,-3965.5,548.049
5221.5,-3968.5,548.078
5222.5,-3968.5,548.084
5212.5,-3968.5,548.279
5213.5,-3968.5,548.211
5213.5,-3967.5,548.099
5213.5,-3966.5,547.987
5214.5,-3965.5,547.883
5214.5,-3964.5,547.838
5216.5,-3965.5,547.863
5216.5,-3964.5,547.837
5216.5,-3963.5,547.81
5216.5,-3962.5,547.782
5215.5,-3965.5,547.864
5215.5,-3964.5,547.831
5215.5,-3963.5,547.804
5217.5,-3965.5,547.875
5217.5,-3964.5,547.851
5217.5,-3963.5,547.818
5217.5,-3962.5,547.786
5218.5,-3965.5,547.886
5218.5,-3964.5,547.853
5218.5,-3962.5,547.79
5224.5,-3963.5,547.885
5219.5,-3964.5,547.854
5219.5,-3963.5,547.829
5226.5,-3962.5,547.961
5226.5,-3964.5,548.057
5221.5,-3959.5,547.98
5225.5,-3964.5,547.997
5222.5,-3962.5,547.917
5222.5,-3960.5,547.889
5223.5,-3963.5,547.902
5223.5,-3962.5,547.936
5223.5,-3961.5,547.971
5223.5,-3959.5,548.068
5214.5,-3960.5,548.738
5213.5,-3961.5,548.846
5213.5,-3960.5,548.846
5227.5,-3965.5,548.058
5227.5,-3964.5,547.925
5227.5,-3962.5,547.97
5226.5,-3963.5,547.929
5226.5,-3961.5,547.995
5228.5,-3962.5,548.04
5218.5,-3969.5,548.09
5217.5,-3969.5,548.179
5217.5,-3968.5,548.164
5220.5,-3963.5,547.888
5211.5,-3964.5,548.637
5221.5,-3962.5,547.858
5223.5,-3968.5,548.012
5224.5,-3969.5,548.08
5224.5,-3968.5,548.021
5222.5,-3964.5,547.754
5225.5,-3968.5,548.032
5227.5,-3967.5,548
5225.5,-3967.5,547.799
5229.5,-3969.5,548.186
5250.5,-3949.5,551.038
5242.5,-3945.5,549.501
5240.5,-3942.5,549.469
5207.5,-3932.5,548.81
5230.5,-3944.5,548.822
5219.5,-3960.5,547.957
5217.5,-3966.5,547.862
5227.5,-3966.5,548.058
5226.5,-3966.5,547.955
5226.5,-3969.5,547.921
5226.5,-3968.5,547.865
5223.5,-3969.5,547.882
5222.5,-3969.5,547.854
5209.5,-3955.5,548.531
5221.5,-3966.5,547.755
5221.5,-3965.5,547.74
5221.5,-3964.5,547.762
5221.5,-3963.5,547.856
5221.5,-3969.5,547.838
5220.5,-3965.5,547.793
5220.5,-3964.5,547.807
5218.5,-3968.5,547.917
5216.5,-3967.5,548.032
5216.5,-3966.5,548.018
5215.5,-3968.5,548.09
5215.5,-3967.5,548.085
5215.5,-3966.5,548.071
5214.5,-3968.5,548.148
5214.5,-3967.5,548.138
5214.5,-3966.5,548.124
5219.5,-3965.5,547.916
5219.5,-3957.5,548.238
5218.5,-3956.5,548.223
5217.5,-3956.5,548.188
5199.5,-3954.5,549.564
5210.5,-3965.5,547.789
5220.5,-3957.5,548.244
5221.5,-3956.5,548.344
5210.5,-3966.5,547.912
5210.5,-3963.5,548.016
5220.5,-3969.5,547.949
5220.5,-3968.5,547.91
5220.5,-3967.5,547.902
5219.5,-3969.5,547.88
5222.5,-3965.5,547.913
5210.5,-3964.5,548.255
5209.5,-3965.5,548.217
5208.5,-3966.5,548.226
5208.5,-3965.5,548.179
5207.5,-3966.5,548.222
5207.5,-3964.5,548.937
5207.5,-3963.5,549.076
5207.5,-3962.5,549.214
5206.5,-3963.5,549.02
5208.5,-3964.5,548.992
5208.5,-3963.5,549.131
5208.5,-3962.5,549.27
5208.5,-3961.5,549.408
5209.5,-3964.5,549.048
5209.5,-3963.5,549.186
5209.5,-3962.5,549.325
5209.5,-3968.5,548.191
5202.5,-3968.5,548.219
5203.5,-3968.5,548.263
5203.5,-3967.5,548.288
5209.5,-3969.5,548.226
5202.5,-3963.5,548.816
5206.5,-3965.5,548.612
5206.5,-3964.5,548.626
5207.5,-3965.5,548.526
5220.5,-3966.5,547.977
5218.5,-3967.5,548.007
5218.5,-3966.5,548.064
5210.5,-3956.5,548.58
5210.5,-3955.5,548.632
5225.5,-3965.5,548.059
5226.5,-3965.5,548.053
5228.5,-3965.5,548.108
5219.5,-3961.5,548.045
5221.5,-3961.5,548.003
5218.5,-3963.5,548.079
5208.5,-3953.5,548.722
5196.5,-3966.5,548.642
5197.5,-3966.5,548.718
5197.5,-3969.5,548.369
5196.5,-3969.5,548.421
5196.5,-3968.5,548.412
5196.5,-3967.5,548.403
5197.5,-3967.5,548.344
5204.5,-3935.5,548.644
5205.5,-3940.5,549.083
5205.5,-3939.5,549.061
5205.5,-3938.5,549.04
5204.5,-3939.5,548.992
5204.5,-3938.5,548.975
5204.5,-3937.5,548.958
5206.5,-3939.5,549.093
5206.5,-3938.5,549.069
5203.5,-3935.5,549.049
5205.5,-3935.5,548.763
5205.5,-3934.5,548.891
5205.5,-3933.5,549.029
5206.5,-3936.5,548.766
5206.5,-3935.5,548.862
5204.5,-3934.5,548.808
5204.5,-3933.5,548.946
5249.5,-3947.5,550.812
5206.5,-3931.5,548.89
5205.5,-3931.5,548.932
5207.5,-3969.5,548.248
5203.5,-3934.5,548.563
5221.5,-3967.5,548.026
5225.5,-3966.5,547.987
5224.5,-3966.5,547.953
5224.5,-3965.5,547.945
5222.5,-3967.5,547.995
5223.5,-3967.5,547.983
5223.5,-3966.5,547.935
5216.5,-3968.5,548.073
5217.5,-3967.5,548.012
5219.5,-3968.5,548.075
5219.5,-3967.5,548.115
5219.5,-3962.5,548.021
5220.5,-3962.5,548.012
5202.5,-3969.5,548.29
5203.5,-3969.5,548.311
5206.5,-3967.5,548.272
5206.5,-3966.5,548.28
5206.5,-3969.5,548.478
5206.5,-3968.5,548.55
5198.5,-3966.5,548.804
5198.5,-3967.5,548.651
5197.5,-3968.5,548.551
5199.5,-3965.5,548.864
5207.5,-3961.5,548.318
5206.5,-3961.5,548.316
5204.5,-3965.5,548.644
5199.5,-3966.5,548.658
5202.5,-3965.5,548.685
5203.5,-3965.5,548.665
5200.5,-3964.5,548.815
5200.5,-3963.5,548.903
5201.5,-3969.5,548.351
5201.5,-3968.5,548.439
5206.5,-3962.5,548.221
5205.5,-3963.5,548.811
5205.5,-3962.5,548.892
5204.5,-3961.5,548.618
5198.5,-3968.5,548.565
5206.5,-3960.5,548.549
5202.5,-3966.5,548.638
5198.5,-3969.5,548.423
5199.5,-3969.5,548.413
5199.5,-3968.5,548.498
5199.5,-3967.5,548.582
5201.5,-3967.5,548.563
5201.5,-3966.5,548.648
5201.5,-3965.5,548.732
5200.5,-3969.5,548.404
5200.5,-3968.5,548.488
5200.5,-3967.5,548.573
5200.5,-3966.5,548.657
5200.5,-3965.5,548.742
5203.5,-3958.5,549.135
5205.5,-3961.5,548.655
5205.5,-3960.5,548.724
5205.5,-3969.5,548.501
5205.5,-3968.5,548.53
5205.5,-3967.5,548.559
5205.5,-3966.5,548.588
5205.5,-3965.5,548.617
5205.5,-3964.5,548.646
5204.5,-3964.5,548.701
5207.5,-3968.5,548.419
5207.5,-3967.5,548.448
5203.5,-3966.5,548.699
5204.5,-3969.5,548.557
5204.5,-3968.5,548.586
5204.5,-3967.5,548.614
5204.5,-3966.5,548.643
5202.5,-3967.5,548.725
5201.5,-3964.5,548.934
5201.5,-3963.5,549.048
5201.5,-3962.5,549.161
5203.5,-3964.5,548.997
5202.5,-3964.5,548.966
5202.5,-3962.5,549.193
5202.5,-3960.5,549.419
5198.5,-3964.5,547.816
5199.5,-3964.5,547.817
5198.5,-3965.5,547.658
5197.5,-3965.5,547.623
5196.5,-3965.5,547.619
5204.5,-3963.5,549.102
5204.5,-3962.5,549.201
5203.5,-3963.5,548.864
5203.5,-3962.5,548.962
5203.5,-3961.5,549.059
5197.5,-3964.5,549.189
5251.5,-3945.5,556.878
5250.5,-3969.5,557.254
5250.5,-3968.5,557.324
5251.5,-3969.5,557.349
5251.5,-3968.5,557.443
5251.5,-3967.5,557.536
5250.5,-3938.5,556.403
5251.5,-3937.5,556.358
5251.5,-3936.5,556.349
5251.5,-3935.5,556.34
5251.5,-3934.5,556.36
5251.5,-3930.5,556.514
5251.5,-3943.5,556.614
5251.5,-3942.5,556.596
5251.5,-3941.5,556.588
5251.5,-3940.5,556.573
5251.5,-3939.5,556.557
5250.5,-3944.5,556.638
5250.5,-3943.5,556.62
5250.5,-3942.5,556.602
5250.5,-3941.5,556.583
5250.5,-3940.5,556.567
5250.5,-3939.5,556.549
5250.5,-3960.5,556.61
5251.5,-3961.5,556.601
5250.5,-3959.5,556.791
5251.5,-3958.5,556.693
5251.5,-3960.5,556.683
5251.5,-3959.5,556.661
5251.5,-3951.5,556.601
5251.5,-3954.5,556.62
5251.5,-3953.5,556.58
5250.5,-3955.5,556.592
5250.5,-3954.5,556.605
5251.5,-3955.5,556.627
5251.5,-3956.5,556.561
5250.5,-3956.5,556.54
5251.5,-3957.5,556.653
5250.5,-3957.5,556.661
5251.5,-3944.5,556.845
5249.5,-3944.5,556.556
5251.5,-3947.5,556.698
5251.5,-3946.5,556.735
5251.5,-3952.5,556.697
5251.5,-3950.5,556.778
5251.5,-3949.5,556.719
5198.5,-3954.5,549.261
5197.5,-3955.5,549.743
5197.5,-3954.5,549.675
5196.5,-3954.5,549.656
5196.5,-3956.5,550.116
5197.5,-3956.5,550.215
5196.5,-3955.5,550.14
5199.5,-3962.5,550.519
5199.5,-3961.5,550.537
5201.5,-3961.5,550.769
5200.5,-3962.5,550.635
5198.5,-3963.5,550.333
5198.5,-3962.5,550.341
5197.5,-3962.5,550.246
5197.5,-3961.5,550.459
5197.5,-3963.5,550.426
5196.5,-3964.5,550.281
5199.5,-3963.5,550.684
5200.5,-3961.5,550.846
5200.5,-3960.5,550.862
5199.5,-3960.5,550.903
5198.5,-3960.5,550.778
5196.5,-3963.5,550.352
5196.5,-3962.5,550.346
5197.5,-3959.5,550.683
5198.5,-3961.5,550.689
5198.5,-3958.5,551.212
5198.5,-3957.5,551.246
5199.5,-3958.5,551.349
5197.5,-3958.5,551.006
5197.5,-3957.5,551.03
5196.5,-3957.5,550.929
5196.5,-3960.5,550.596
5196.5,-3959.5,550.649
5196.5,-3958.5,550.702
5197.5,-3960.5,550.68
5196.5,-3961.5,550.717
5251.5,-3948.5,556.857
5251.5,-3938.5,556.674
5251.5,-3932.5,556.594
5251.5,-3931.5,556.577
5199.5,-3959.5,571.012
5198.5,-3959.5,589.65
